{
  "CustomDesktops": [

{
"Mainboard": "ASUS PRIME X370-PRO (AMD Ryzen 1800x)",
"Rating": "4/4 - Haiku works with all (or nearly all) components",
"Version": "Haiku R1/Beta2 (latest stable release)",
"Architecture": "64-bit x86 (Intel x64/AMD64, etc.)",
"Share_on_GitHub": "Yes",
"Startup_media": "USB storage media (using USB 3.0), Standard SSD, hybrid SSHD, or hard drive (imaged or installed), NVMe/PCI Express drive or a M.2 drive (imaged or installed)",
"Startup_mode": "(U)EFI, by choice (64-bit)",
"RAM": "16384 (16GB)",
"CPU": "AMD Ryzen 1800x, 16M cache. 3.9 GHZ x8, 16 threads",
"GPU": "GIGABYTE RADEON RX VEGA 56 GAMING OC 8G",
"Networking_cards": "Intel 1211AT Gigabit",
"Sound_cards": "Realtek S1220A (8-Channel)",
"Boot_options": "Used fail-safe graphics driver, Started graphics in framebuffer",
"Graphics_status": "Graphics work, but in framebuffer mode (similar to above option)",
"Sound_status": "Sound works, by default or out of the box",
"Networking_status": "Ethernet card(s) work",
"SD_status": "My computer does not have a SD drive",
"Restart_status": "Haiku restarts smoothly",
"Contribution_date": "7/19/2020 14:49:10",
"Contributor": "none (anonymous contributor)"
},

{
"Model" : "Custom build [ASRock 970 Extreme4]",
"Rating" : "4/4 - Haiku works with all (or nearly all) components",
"Version" : "Haiku R1/Beta2 (latest stable release)",
"Architecture" : "64-bit x86 (Intel x64/AMD64, etc.)",
"Share_on_GitHub" : "Yes",
"Startup_media" : "USB storage media (using USB 3.0), Standard SSD, hybrid SSHD, or hard drive (imaged or installed)",
"Startup_mode" : "Legacy BIOS/CSM",
"Memory" : "8 GB",
"CPU" : "AMD FX-8350, 8 cores",
"GPU" : "AMD Radeon R7 250",
"Networking_cards" : "Realtek RTL8111E [onboard]",
"Sound_cards" : "AMD SBx00 Azalia (Intel HDA) (Realtek ALC892 Audio Codec) [onboard]",
"Graphics_status" : "Graphics work, by default or out of the box",
"Sound_status" : "Sound works, by default or out of the box",
"Networking_status" : "Ethernet card(s) work",
"SD_status" : "SD drive works with Haiku",
"Restart_status" : "Haiku restarts smoothly",
"Contribution_date" : "7/6/2020 17:26:35",
"Contributor" : "Jeremy Passarelli"
},
    
{
"Model": "ASUS P4C800-E",
"Rating": "4/4 - Haiku works with all (or nearly all) components",
"Version": "Haiku R1/Beta2 (latest stable release)",
"Architecture": "32-bit x86 (i686, etc.)",
"Share_on_GitHub": "Yes",
"Startup_media": "Standard SSD, hybrid SSHD, or hard drive (imaged or installed)",
"Startup_mode": "Legacy BIOS/CSM",
"RAM": "2GB",
"CPU": "INTEL '04 PENTIUM 4 3.40GHZ/1M/800 SL7PP MALAY Q452A413",
"GPU": "ATI SAPPHIRE HD 3850",
"Networking_cards": "RTL8139D",
"Sound_cards": "Creative Labs SB0220",
"Graphics_status": "Graphics work, by default or out of the box",
"Sound_status": "Sound works, by default or out of the box",
"Networking_status": "Ethernet card(s) are working",
"SD_status": "My computer does not have a SD drive",
"Restart_status": "Haiku restarts smoothly",
"Additional_notes": "https://youtu.be/ythW7TmqFrg",
"Contribution_date": "9/20/2020 15:28:21",
"Contributor": "BlodTor"
},
    
{
"Mainboard": "ASUS P8268-V GEM3",
"Rating": "4/4 - Haiku works with all (or nearly all) components",			
"Version": "Haiku R1/Beta2 (latest stable release)",
"Architecture": "64-bit x86 (Intel x64/AMD64, etc.)",
"Share_on_GitHub": "Yes",
"Startup_media": "USB storage media (using USB 3.0), Standard SSD, hybrid SSHD, or hard drive (imaged or installed)",
"Startup_mode": "(U)EFI, by choice (64-bit), Legacy BIOS/CSM",
"RAM": "16GB DDR3-1333",
"CPU": "Intel Core i7-2600K 3.4GHz",
"GPU": "GeForce GTX 970",
"Networking_cards": "Intel Ethernet Gbit LAN ipro1000",
"Graphics_status": "Graphics work, by default or out of the box",
"Sound_status": "Sound works, by default or out of the box",
"Networking_status": "Ethernet card(s) are working",
"SD_status": "My computer does not have a SD drive",
"Restart_status": "Haiku restarts smoothly",
"Additional_notes": "https://youtu.be/DSFKMGuE2r4",
"Contribution_date": "11/21/2020 16:49:46",
"Contributor": "Druaga1"
},
    
{
"Model": "Custom Build",
"Motherboard": "ASRock 970 Extreme4",
"Rating": "4/4 - Haiku works with all (or nearly all) components",
"Version": "Haiku R1/Beta2",
"Architecture": "64-bit x86 (Intel x64/AMD64, etc.)",
"Share_on_GitHub": "Yes",
"Startup_media": "USB storage media (using USB 3.0), Standard SSD, hybrid SSHD, or hard drive (imaged or installed)",
"Startup_mode": "Legacy BIOS/CSM",
"RAM": "8 GB",
"CPU": "AMD FX-8350, 8 cores",
"GPU": "AMD Radeon R7 250",
"Networking_cards": "Realtek RTL8111E [onboard]",
"Sound_cards": "Realtek ALC892 [onboard]",
"Graphics_status": "Graphics work, by default or out of the box",
"Sound_status": "Sound works, by default or out of the box",
"Networking_status": "Ethernet card(s) are working",
"SD_status": "SD drive does NOT work with Haiku",
"Restart_status": "Haiku freezes/hangs during restarts on this computer",
"Additional_notes_pt1": "Haiku will sometimes hang/freeze during reboots, and will sometimes hang/freeze after booting (i.e. the bootscreen goes away after booting and will either",
"Additional_notes_pt2": "shut down, go back to the bootscreen after bootscreen disappears, or fully boot up)",
"Additional_notes_pt3": "Sometimes, Haiku will restart and shutdown smoothly. When shutting down, Haiku will either fully shutdown or freeze at the shutdown screen and not power off the computer.",
"Additional_notes_pt4": "Also, Haiku will randomly shut down on me for seemly no reason what-so-ever.",
"Additional_notes_pt5": "This is a re-submission. Wasn't sure if the SD card drive worked with Haiku when I first submitted this.",
"Contribution_date": "8/25/2020 12:05:07",
"Contributor": "Jeremy Passarelli"
},

{
"Model": "ASUS P5KPL-C",
"Rating": "4/4 - Haiku works with all (or nearly all) components",
"Version": "Haiku R1/Beta2",
"Architecture": "64-bit x86 (Intel x64/AMD64, etc.)",
"Share_on_GitHub": "Yes",
"Startup_media": "USB storage media (using Legacy/USB 2)",
"Startup_mode": "Legacy BIOS/CSM",
"CPU": "Intel",
"Networking_cards": "attansic_i1",
"Graphics_status": "Graphics work, by default or out of the box",
"Sound_status": "Sound works, by default or out of the box",
"Networking_status": "Ethernet card(s) are working",
"SD_status": "My computer does not have a SD drive",
"Additional_notes": "https://youtu.be/WPmF5poJaNk",
"Contribution_date": "8/31/2020 1:10:39",
"Contributor": "Алексей Лещенко"
},
    
{
"Model": "Custom-made (Intel D2500HN)",
"Rating": "4/4 - Haiku works with all (or nearly all) components",
"Version": "Haiku R1/Beta2 (latest stable release)",
"Architecture": "64-bit x86 (Intel x64/AMD64, etc.)",
"Share_on_GitHub": "Yes",
"Startup_mode": "Legacy BIOS/CSM",
"RAM": "4 GB",
"CPU": "Intel Atom D2500",
"GPU": "Integrated Intel GMA 3600",
"Networking_cards": "Integrated Intel 82574L",
"Sound_cards": "Integrated Intel HD",
"Graphics_status": "Graphics work, by default or out of the box",
"Sound_status": "Sound works, by default or out of the box",
"Networking_status": "Ethernet card(s) are working",
"SD_status": "My computer does not have a SD drive",
"Restart_status": "Haiku restarts smoothly",
"Input_devices": "Trackpad and keyboard both work",
"Additional_notes": "Wireless trackpad only works when I right-click the mouse. Also tried to try Haiku moving the SSD drive into a Mac Mini, and when I put it back into the Intel computer, it did not work anymore.",
"Contribution_date": "10/21/2020 18:14:40",
"Contributor": "Alberto"
},
    
{
"Model": "DIY",
"Mainboard": "Gigabyte B450 Aorus PRO",
"Rating": "4/4 - Haiku works with all (or nearly all) components",
"Version": "Haiku Nightly (hrev54428)",
"Architecture": "64-bit x86 (Intel x64/AMD64, etc.)",
"Share_on_GitHub": "Yes",
"Startup_media": "USB storage media (using USB 3.0), NVMe/PCI Express drive or a M.2 drive (imaged or installed)",
"Startup mode": "(U)EFI, but because my computer only supports EFI (64-bit)",
"Memory": "32 GB",
"CPU": "AMD Ryzen 2600",
"GPU": "Gigabyte Radeon 5600-XT Gaming",
"Graphics_status": "Graphics work, by default or out of the box",
"Sound_status": "Sound works, by default or out of the box",
"Networking_status": "Ethernet card(s) work",
"SD_status": "My computer does not have a SD drive",
"Restart_status": "Haiku restarts smoothly",
"Additional_notes": "Sound output only works via the front panel connector, can't find a suitable channel in media prefs for the speaker port on the back.",
"Contribution_date": "7/19/2020 20:51:20",
"Contributor": "Lacey"
},

{
"Model" : "Gigabyte GA-H61M-DS2",
"Rating" : "4/4 - Haiku works with all (or nearly all) components",
"Version" : "Haiku R1/Beta2 (latest stable release)",
"Architecture" : "64-bit x86 (Intel x64/AMD64, etc.)",
"Share_on_GitHub" : "Yes",
"Startup_media" : "USB storage media (using Legacy/USB 2), Standard SSD, hybrid SSHD, or hard drive (imaged or installed)",
"Startup_mode" : "Legacy BIOS/CSM",
"RAM" : "4 GB",
"CPU" : "Intel Pentium G645",
"GPU" : "Intel HD Graphics Core 2000/3000",
"Networking_cards" : "Atheros GbE",
"Sound_cards" : "Realtek ALC887",
"Graphics_status" : "Graphics work by default or out of the box",
"Sound_status" : "Sound works by default or out of the box",
"SD_status" : "My computer does not have a SD drive",
"Restart_status" : "Haiku restarts smoothly",
"Additional_notes" : "network card not tested because its standalone right now",
"Contribution_date" : "6/18/2020 19:55:13",
"Contributor" : "mazbrili"
}

  ]
}
