{
  "MobileWorkstations": [

{
"Model": "(Apple) MacBook Pro 13 (2020) - see review notes",
"Rating": "4/4 - Haiku works with all (or nearly all) components",
"Version": "Haiku R1/Beta2 (latest stable release)",
"Architecture": "64-bit x86 (Intel x64/AMD64, etc.)",
"Share_on_GitHub": "Yes, share on GitHub",
"Startup_media": "USB (external) optical drive (CD/DVD media), Built-in optical drive (CD/DVD media)",
"Startup_mode": "(U)EFI, but because my computer only supports EFI (64-bit)",
"RAM": "32 GB",
"CPU": "(Intel)",
"Graphics_status": "Graphics work, by default or out of the box",
"Sound_status": "Sound works, by default or out of the box",
"Networking_status": "WiFi card(s) are working",
"SD_status": "SD drive is working with Haiku",
"Restart_status": "Haiku restarts smoothly",
"Input_status": "Trackpad and keyboard both work",
"Power_status": "Haiku detects the battery and shows charge time correctly",
"Cam_status": "Built-in cameras and/or webcam works",
"Pen_status": "Touch/pen input works",
"Additional_notes": "long live Haiku!",
"Contribution_date": "7/28/2020 14:49:38",
"Contributor": "Friederike",
"Review_notes": "Unsure if this is truly a 2020 or if this report is totally accurate. SD card reader mentioned as working here where USB C MBPs generally don't have one; pen input mentioned and will assume this is referring to a Wacom tablet."
},

{
"Model" : "HP Pavillion dv5000 (Intel Centrino Duo + Geforce 7400 Gpu)",
"Rating" : "2/4 - Haiku needs extra options to start and/or barely works",
"Version" : "Haiku R1/Beta2 (latest stable release)",
"Architecture" : "32-bit x86 (i686, etc.)",
"Share_on_GitHub" : "Yes",
"Startup_media" : "USB storage media (using Legacy/USB 2), Standard SSD, hybrid SSHD, or hard drive (imaged or installed)",
"Startup_mode" : "(U)EFI, by choice (32-bit)",
"RAM" : "3GB available cause of 32bits (Total 4GB)",
"CPU" : "Intel Centrino Duo (Geniune Intel T2400) 1,83Ghz",
"GPU" : "Nvidia Geforce Go 7400",
"Networking_cards" : "Ethernet Intel Pro 100 + Intel Wireless 3945AGB",
"Sound_cards" : "Conexant HD Audio (chipset)",
"Boot_options" : "Blacklisted entries, Disabled APM, Disabled ACPI",
"Graphics_status" : "Graphics work, by default or out of the box",
"Sound_status" : "Sound works, but by using OpenSound, etc",
"Networking_status" : "Ethernet card(s) work",
"SD_status" : "My computer does not have a SD drive",
"Restart_status" : "Haiku restarts with special options",
"Input_status" : "Trackpad and keyboard both work",
"Power_status" : "Haiku detects the battery and shows charge time correctly",
"Cam_status" : "My computer does not have a webcam, etc.",
"Contribution_date" : "7/17/2020 13:04:28",
"Contributor" : "Kitsune64"
},
    
{
"Model": "IBM ThinkPad X40",
"Rating": "4/4 - Haiku works with all (or nearly all) components",
"Version": "Haiku R1/Beta2 (latest stable release)",
"Architecture": "32-bit x86 (i686, etc.)",
"Share_on_GitHub": "Yes",
"Startup_media": "FireWire storage media, Standard SSD, hybrid SSHD, or hard drive (imaged or installed)",
"Startup_mode": "Legacy BIOS/CSM",
"RAM": "1GB",
"CPU": "Intel Pentium M 1.2GHz stepping 05",
"Networking_cards": "Atheros WiFi",
"Graphics_status": "Graphics work, by default or out of the box",
"Sound_status": "Sound works, by default or out of the box",
"Networking_status": "Both Ethernet and WiFi cards work",
"SD_status": "My computer does not have a SD drive",
"Restart_status": "Haiku restarts smoothly",
"Input_status": "Trackpad and keyboard both work",
"Power_status": "Haiku detects the battery and shows charge time correctly",
"Cam_status": "My computer does not have a webcam, etc.",
"Contribution_date": "11/28/2020 18:07:15",
"Contributor": "Europa"
},

{
"Model": "IBM ThinkPad X40",
"Rating": "4/4 - Haiku works with all (or nearly all) components",
"Version": "Haiku R1/Beta2 (latest stable release)",
"Architecture": "32-bit x86 (i686, etc.)",
"Share_on_GitHub": "Yes",
"Startup_media": "USB storage media (using Legacy/USB 2), Standard SSD, hybrid SSHD, or hard drive (imaged or installed)",
"Startup_mode": "Legacy BIOS/CSM",
"RAM": "1GB",
"CPU": "Intel Pentium M 1.2GHz stepping 05",
"Networking_cards": "Atheros WiFi",
"Graphics_status": "Graphics work, by default or out of the box",
"Sound_status": "Sound works, by default or out of the box",
"Networking_status": "Both Ethernet and WiFi cards work",
"SD_status": "My computer does not have a SD drive",
"Restart_status": "Haiku restarts smoothly",
"Input_status": "Trackpad and keyboard both work",
"Power_status": "Haiku detects the battery and shows charge time correctly",
"Cam_status": "My computer does not have a webcam, etc.",
"Additional_notes": "https://youtu.be/Cm0nW_4Lx3U, https://youtu.be/BJMlYniwR5U",
"Contribution_date": "11/28/2020 18:10:02",
"Contributor": "Europa"
},
    
{
"Model": "Lenovo ThinkPad E540",
"Rating": "3/4 - Haiku works with most of the components",
"Version": "Haiku Nightly (hrev54525)",
"Architecture": "64-bit x86 (Intel x64/AMD64, etc.)",
"Share_on_GitHub": "Yes",
"Startup_media": "USB storage media (using Legacy/USB 2)",
"Startup_mode": "Legacy BIOS/CSM",
"RAM": "4 GB",
"CPU": "Intel i5-4650M",
"GPU": "Intel HD Graphics",
"Networking_cards": "Intel Dual Band Wireless-AC 7260",
"Sound_cards": "Conexant CX20751",
"Graphics_status": "Graphics work, by default or out of the box",
"Sound_status": "Sound does not work",
"Networking_status": "Both Ethernet and WiFi cards work",
"Restart_status": "Haiku restarts smoothly",
"Input_status": "Trackpad and keyboard both work",
"Power_status": "Haiku detects the battery and shows charge time correctly",
"Cam_status": "Cameras do not work with Haiku on this computer",
"Contribution_date": "8/22/2020 5:57:11",
"Contributor": "none (Anonymous Contributor)"
},
    
{
"Model": "Lenovo ThinkPad R400",
"Rating": "4/4 - Haiku works with all (or nearly all) components",
"Version": "Haiku Nightly (hrev54738)",
"Architecture": "32-bit x86 (i686, etc.)",
"Share_on_GitHub": "Yes",
"Startup_media": "USB storage media (using Legacy/USB 2)",
"Startup_mode": "Legacy BIOS/CSM",
"RAM": "4 GB",
"CPU": "Intel Core 2 Duo P8700@2.53GHz",
"GPU": "Intel GM45 8086:2a43",
"Networking_cards": "WiFi: PRO/Wireless 5100 AGN (8086:4237);  Wired: 82567LF Gigabit Network (8086:10bf)",
"Sound_cards": "82801I (ICH9 Family) HD Audio (8086:293e)",
"Boot_options": "Did not call the BIOS",
"Graphics_status": "Graphics work, by default or out of the box",
"Sound_status": "Sound works, by default or out of the box",
"Networking_status": "Both Ethernet and WiFi cards work",
"SD_status": "My computer does not have a SD drive",
"Restart_status": "Haiku restarts smoothly",
"Input_status": "Trackpad and keyboard both work",
"Power_status": "Haiku detects the battery and shows charge time correctly",
"Cam_status": "My computer does not have a webcam, etc.",
"Additional_notes": "I have not tried firewire port yet but it is listed in media prefs.",
"Contribution_date": "12/13/2020 14:13:08",
"Contributor": "anonymous"
},

{
"Model" : "Origin EON15-X",
"Rating" : "3/4 - Haiku works with most of the components",
"Version" : "Haiku R1/Beta2 (latest stable release)",
"Architecture" : "64-bit x86 (Intel x64/AMD64, etc.)",
"Share_on_GitHub" : "Yes",
"Startup_media" : "NVMe/PCI Express drive or a M.2 drive (imaged or installed)",
"Startup_mode" : "(U)EFI, by choice (64-bit)",
"RAM" : "32 GB",
"CPU" : "AMD Ryzen 9 3950X (16-Core, 32-Thread)",
"GPU" : "NVIDIA GeForce RTX 2070 8GB",
"Networking_cards" : "Intel Wi-Fi 6 AX200",
"Sound_cards" : "Realtek High-Definition Audio",
"Boot_options" : "Used fail-safe graphics driver",
"Graphics_status" : "Graphics work, but in Safe Graphics mode or Vesa",
"Sound_status" : "Sound works, but by using OpenSound, etc",
"Networking_status" : "Both Ethernet and WiFi cards work",
"SD_status" : "SD drive works with Haiku",
"Restart_status" : "Haiku restarts smoothly",
"Input_status" : "Trackpad and keyboard both work",
"Power_status" : "Haiku does NOT detect the battery",
"Cam_status" : "Cameras do not work with Haiku on this computer",
"Contribution_date" : "7/9/2020 14:22:21",
"Contributor" : "RLeonhardt"
},
    
{
"Form_factor": "Mobile Workstation (MacBook Pro, HP Z/EliteBook, Dell Precision, Lenovo ThinkPad)",
"Model": "Terra Mobile 1744",
"Rating": "3/4 - Haiku works with most of the components",
"Version": "Haiku R1/Beta2 (latest stable release)",
"Architecture": "64-bit x86 (Intel x64/AMD64, etc.)",
"Share_on_GitHub": "Yes",
"Startup_media": "Standard SSD, hybrid SSHD, or hard drive (imaged or installed)",
"Startup_mode": "Legacy BIOS/CSM",
"RAM": "1024 MB",
"CPU": "Intel Pentium T4200",
"GPU": "Integrated",
"Networking_cards": "Integrated",
"Sound_cards": "Integrated",
"Graphics_status": "Graphics do not work",
"Sound_status": "Sound works, by default or out of the box",
"Networking_status": "Ethernet card(s) are working",
"Restart_status": "Haiku restarts smoothly",
"Input_status": "Trackpad and keyboard both work",
"Power_status": "Haiku does NOT detect the battery",
"Contribution_date": "11/24/2020 7:20:01",
"Contributor": "Leon Gerstberger"
}

  ]
}
