{
  "Notebooks": [

{
"Model": "Acer Aspire One AOA150",
"Rating": "4/4 - Haiku works with all (or nearly all) components",
"Version": "Haiku Nightly (hrev54460)",
"Architecture": "32-bit x86 (i686, etc.)",
"Share_on_GitHub": "Yes",
"Startup_media": "USB storage media (using Legacy/USB 2), Standard SSD, hybrid SSHD, or hard drive (imaged or installed)",
"Startup_mode": "Legacy BIOS/CSM",
"RAM": "1 GB",
"CPU": "Intel Atom N270, 512k cache, 1.60 GHz, 2 cores",
"GPU": "Intel Mobile 945GSE Express Integrated Graphics Controller",
"Networking_cards": "Qualcomm Atheros AR242x/542x Wireless Network Adapter (PCI-Express), Realtek RTL810xE PCI Express Fast Ethernet controller",
"Sound_cards": "Intel NM10/ICH7 Family High Definition Audio Controller",
"Graphics_status": "Graphics work, by default or out of the box",
"Sound_status": "Sound_works, by default or out of the box",
"Networking_status": "WiFi card(s) are working",
"Restart_status": "Haiku freezes/hangs during restarts on this computer",
"Input_status": "Trackpad and keyboard both work",
"Power_status": "Haiku detects the battery and shows charge time correctly",
"Additional_notes": "Restart and shut down freeze up on here... I have to hold down power to get it to turn off.",
"Contribution_date": "7/25/2020 15:54:30",
"Contributor": "anonymous"
}

{
"Model" : "[ASUS VivoBook] x510qa",
"Rating" : "4/4 - Haiku works with all (or nearly all) components",
"Version" : "Haiku R1/Beta2 (latest stable release)",
"Architecture" : "64-bit x86 (Intel x64/AMD64, etc.)",
"Share_on_GitHub" : "Yes",
"Startup_media" : "USB storage media (using USB 3.0), USB storage media (using Legacy/USB 2)",
"Startup_mode" : "(U)EFI, by choice (64-bit)",
"RAM" : "8gb",
"CPU" : "AMD A12-9720P RADEON R7, 12 COMPUTE CORES 4C+8G",
"GPU" : "AMD Radeon R7 Graphics",
"Networking_cards" : "Realtek 8822BE Wireless LAN 802.11ac PCI-E NIC",
"Sound_cards" : "SWD\MMDEVAPI\{0.0.0.00000000}.{A317EAA6-CC79-4F42-82D6-6F5E92D1448E}",
"Boot_options" : "Used fail-safe graphics driver",
"Graphics_status" : "Graphics work, but in Safe Graphics mode or Vesa",
"Sound_status" : "Sound works, by default or out of the box",
"Networking_status" : "Networking does not work on this computer",
"SD_status" : "SD drive works with Haiku",
"Restart_status" : "Haiku restarts smoothly",
"Input_status" : "Neither the trackpad and keyboard work",
"Power_status" : "Haiku detects the battery and shows charge time correctly",
"Cam_status" : "Cameras do not work with Haiku on this computer",
"Touch_status" : "does not work",
"Contribution_date" : "6/16/2020 9:08:21",
"Contributor" : "bregrif"
}

{
"Model" : "HP Mini 210",
"Rating" : "Fairly well",
"Version" : "Haiku R1/beta2 64-bit",
"Startup_media" : "USB storage media (USB 2)",
"Startup_mode" : "Legacy BIOS (this laptop doesn’t have UEFI)",
"Boot_options" : "Default",
"CPU" : "Intel Atom N450",
"GPU" : "Intel GMA 3150",
"Sound_cards" : "Intel NM10/ICH7 HDA Controller",
"Networking_cards" : "Realtek RTL81xE PCI Express Fast Ethernet controller and Broadcom BCM4312 802.11b/g LP-PHY",
"USB_types" : "3 USB 2.0",
"Webcams" : "HP Webcam-50, not recognized, not working",
"RAM" : "2 GB DDR2",
"Share_on_GitHub" : "Yes",
"SD_status" : "Yes, working",
"Sound_status" : "Sound card recognized, volume control works, sound not playing",
"Networking_status" : "Ethernet works, WiFi doesn’t work (needs proprietary firmware, Linux installs it with b43-fwcutter, more info here)",
"Graphics_status" : "Works out of the box",
"Power_status" : "Battery appears, PowerStatus reports percentage fine",
"Restart_status" : "Works fine",
"Additional_notes_pt1" : "Bluetooth works",
"Additional_notes_pt2" : "Touchpad is Synaptics, edge scrolling works, right click doesn’t work, unlike my Acer here it gets recognized as a PS/2 mouse instead of a touchpad, configure as a 1 button mouse and use ctrl+click to right click",
"Additional_notes_pt3" : "VGA port not tested",
"Additional_notes_pt4" : "When inserting an SD card reader Haiku becomes unresponsive for about 30 seconds, after that it works and can read the card",
"Additional_notes_pt5" : "Mic is recognized but SoundRecorder doesn’t record anything",
"Contributor" : "anon",
"Contribution_date" : "2020-06-23 15:52 UTC"
}

{
"Model": "One Mix 3 Yoga",
"Rating" : "3/4 - Haiku works with most of the components",
"Version" : "Haiku R1/Beta2 (latest stable release)",
"Architecture" : "64-bit x86 (Intel x64/AMD64, etc.)",
"Share_on_GitHub" : "Yes",
"Startup_media" : "USB storage media (using USB 3.0)",
"Startup_mode" : "(U)EFI, but because my computer only supports EFI (64-bit)",
"RAM" : "7,7GB",
"CPU" : "Intel m3",
"Graphics_status" : "Graphics work, by default or out of the box",
"Sound_status" : "Sound works, but by using OpenSound, etc",
"Networking_status" : "WiFi card(s): work",
"SD_status" : "SD drive does NOT work with Haiku",
"Restart_status" : "Haiku restarts smoothly",
"Input_status" : "Trackpad and keyboard both work",
"Power_status" : "Haiku detects the battery and shows charge time correctly",
"Touch_status" : "Touch input does not work",
"Contribution_date" : "6/11/2020 17:42:18",
"Contributor" : "Marek",
"Additional_notes" : "Screen orientation, nor HDPI scaling didn’t work at all."
}

  ]
}
