{
  "PortablesLaptops": [

{
"Model" : "[Acer] Aspire V7-482PG",
"Rating" : "Works amazingly well",
"Version" : "Haiku R1/beta2 (quick edit, the 64-bit version)",
"Startup_media" : "USB storage media (USB 2)",
"Started_with" : "Legacy BIOS and UEFI",
"Boot_options" : "Default on BIOS, 1280x1024 resolution on UEFI, the default of 1920x1080 crashes",
"CPU" : "Intel Core i5-4200U",
"GPU" : "Intel HD 4400 and Nvidia GeForce GT 750M",
"Sound_cards" : "Intel (Haswell-ULT) HDA Controller",
"Networking_cards" : "Intel Corporation Wireless 7260 (works, I’m using it to post this from Haiku) and Realtek RTL8111/8168/8411 PCI Express Gigabit Ethernet (not tested but should work, Haiku displays its MAC address, mine is the RTL8411B)",
"USB_types" : "1 USB 3.2, 2 USB 2.0",
"Webcams" : "Chicony Electronics HD WebCam, not recognized, not working",
"RAM" : "8 GB DDR3",
"Share on GitHub" : "Yes",
"SD cards" : "RTL8411B PCI Express Card Reader (PCI Express link bandwidth shared with Ethernet controller), not working",
"Sound status" : "I can change the volume, sound card is recognized but sound doesn’t play",
"Networking_status" : "WiFi works, Ethernet is recognized but I can’t test it",
"Graphics_status" : "Work out of the box",
"Power_status" : "Battery appears, PowerStatus reports percentage fine",
"Restart_status" : "Works fine",
"Additional_notes_pt1" : "Touchpad doesn’t recognize right click (workaround: configure as 1 button touchpad and use ctrl+click to right click), edge scroll works well. The right click problem happens with other laptops too, all Synaptics touchpads, seems like a limitation in the driver",
"Additional_notes_pt2" : "Elan Microelectronics touch screen works! Haiku only uses the touch info to move the cursor though, I can’t find a way to click",
"Additional_notes_pt3" : "HDMI port not tested",
"Additional_notes_pt4" : "UEFI boot requires more testing, when I tried it last week it caused glitched graphics and Haiku was unusable",
"Additional_notes_pt5" : "The 24GB M-pcie SSD (Kingston SMS151S324G) is recognized by DriveSetup",
"Additional_notes_pt6" : "The HDD of this laptop was replaced with a 250G Samsung SSD that is also recognized by DriveSetup",
"Additional_notes_pt7" : "The mic doesn’t seem to be working, SoundRecorder doesn’t record anything",
"Additional_notes_pt8" : "Bluetooth works and can pair",
"Additional_notes_pt9" : "This laptop is a great candidate for using Haiku on real hardware if you don’t need sound or recording video",
"Contributor" : "anon",
"Contribution_date" : "2020-06-23 5:58 UTC (updated to add more hardware details at 16:24 UTC)"
},
    
{
"Model": "ASUS TUF Gaming FX504",
"Rating": "4/4 - Haiku works with all (or nearly all) components",
"Version": "Haiku R1/Beta2",
"Architecture": "64-bit x86 (Intel x64/AMD64, etc.)",
"Share_on_GitHub": "Yes",
"Startup_media": "USB storage media (using Legacy/USB 2)",
"Startup_mode": "(U)EFI, but because my computer only supports EFI (64-bit)",
"CPU": "Intel i5-8300H, 8MB cache, freq min 2.30 GHz max 4 GHz, 8 threads",
"GPU": "GP107M (GTX1050 Mobile) and UHD Graphics 630",
"Networking_cards": "Intel Wireless-AC 9560",
"Graphics_status": "Graphics work, by default or out of the box",
"Networking_status": "WiFi card(s) are working",
"SD_status": "My computer does not have a SD drive",
"Restart_status": "Haiku restarts smoothly",
"Input_status": "Only the keyboard works",
"Power_status": "Haiku does NOT detect the battery",
"Contribution_date": "8/24/2020 10:22:51",
"Contributor": "anon"
},
    
{
"Model": "Dell Inspiron 2200",
"Rating": "3/4 - Haiku works with most of the components",
"Version": "Haiku R1/Beta2 (latest stable release)",
"Architecture": "32-bit x86 (i686, etc.)",
"Share_on_GitHub": "Yes",
"Startup_media": "USB storage media (using Legacy/USB 2), Standard SSD, hybrid SSHD, or hard drive (imaged or installed)",
"Startup_mode": "Legacy BIOS/CSM",
"RAM": "1280 MB",
"CPU": "Intel Pentium M 725, 2M cache, 1.6 GHz x1, 1 thread",
"GPU": "Intel Mobile 915GM",
"Networking_cards": "Broadcom 4318 802.11b/g Wireless LAN Controller, Intel Corporation 82562ET/EZ/GT/GZ - PRO/100 VE (LOM) Ethernet Controller Mobile",
"Sound_cards": "82801FB/FBM/FR/FW/FRW (ICH6 Family) AC'97 Audio Controller Corporation",
"Graphics_status": "Graphics work, by default or out of the box",
"Sound_status": "Sound works, by default or out of the box",
"Networking_status": "Both Ethernet and WiFi cards work",
"SD_status": "My computer does not have a SD drive",
"Restart_status": "Haiku restarts smoothly",
"Input_devices": "Trackpad and keyboard both work",
"Power_status": "Haiku detects the battery and shows charge time correctly",
"Cam_status": "My computer does not have a webcam, etc.",
"Additional_notes": "Offline install of optional wireless firmware did not work the conventional route, you have to install an already patched hpkg and reboot. Furthermore, despite other OSes showing the screen refresh rate locked at 60 Hz, you /can/ use Haiku at 85 Hz, which improves graphical performance in 3D rendering (as tested with the teapot), but do so at your own risk as I'm not sure if it's overclocking the screen or the screen is rated for 85 Hz and other OSes just don't detect that. Opening programs in full screen shows a blank screen that you must alt-F4 out of. The OS is generally sluggish, mostly when WebPositive is open, but works just fine as far as I can tell.",
"Contribution_date": "11/20/2020 17:40:21",
"Contributor": "April J."
},
    
{
"Model": "Dell Latitude D610",
"Rating": "3/4 - Haiku works with most of the components",
"Version": "Haiku Nightly (hrev54460)",
"Architecture": "32-bit x86 (i686, etc.)",
"Share_on_GitHub": "Yes",
"Startup_media": "USB storage media (using Legacy/USB 2)",
"Startup_mode": "Legacy BIOS/CSM",
"RAM": "1 GB",
"CPU": "Intel Pentium M (2 GHz), 2MB L2 cache, 1 core",
"GPU": "Intel GMA 915GM/GMS/910GML Express Graphics Controller",
"Networking_cards": "Intel Pro Wireless 2200BG (Calexico2), Broadcom NetXtreme BCM5751 Gigabit Ethernet PCI Express",
"Sound_cards": "Intel AC'97 Audio Controller (82801FB ICH6 family)",
"Graphics_status": "Graphics work, by default or out of the box",
"Sound_status": "Sound_works, by default or out of the box",
"Restart_status": "Haiku restarts smoothly",
"Input_status": "Trackpad and keyboard both work",
"Additional_notes": "No Wifi networks are detected so this probably means Wifi doesn't work... didn't test Ethernet; also track stick in keyboard does not work",
"Contribution_date": "7/25/2020 16:03:04",
"Contributor": "anonymous",
},
    
{
"Model": "Fujitsu Lifebook S710",
"Rating": "3/4 - Haiku works with most of the components",
"Version": "Haiku R1/Beta2 (latest stable release)",
"Architecture": "64-bit x86 (Intel x64/AMD64, etc.)",
"Share_on_GitHub": "Yes",
"Startup_media": "USB storage media (using Legacy/USB 2), Other (if so, please mention in Additional Notes)",
"Startup_mode": "Legacy BIOS/CSM",
"RAM": "2Gb",
"CPU": "Intel(R) Core(TM) i3 CPU M 330  @ 2.13GHz",
"GPU": "Intel® HD Graphics id: 0x46 type: 0x3",
"Networking_cards": "Intel Gigabit 82577LM id: 0x10ea type: 0x2",
"Sound_cards": "Realtek™ HDAudio codec ALC269 with 2-channel High Definition (HD) audio",
"Graphics_status": "Graphics work, by default or out of the box",
"Sound_status": "Sound works, by default or out of the box",
"Networking_status": "Both Ethernet and WiFi cards work",
"SD_status": "SD drive is working with Haiku",
"Restart_status": "Haiku restarts smoothly",
"Input_devices": "Only the keyboard works",
"Power_status": "Haiku detects the battery and shows charge time correctly",
"Contribution_date": "11/6/2020 4:13:19",
"Contributor": "Kamino"
},
    
{
"Model": "Fujitsu Siemens, ESPRIMO Mobile V5515",
"Rating": "4/4 - Haiku works with all (or nearly all) components",
"Version": "Haiku R1/Beta2 (latest stable release)",
"Architecture": "64-bit x86 (Intel x64/AMD64, etc.)",
"Share_on_GitHub": "Yes",
"Startup_media": "USB storage media (using Legacy/USB 2), Standard SSD, hybrid SSHD, or hard drive (imaged or installed), Built-in optical drive (CD/DVD media)",
"Startup_mode": "Legacy BIOS/CSM",
"RAM": "3 GB",
"CPU": "Intel Core™2 Duo Prozessor T7200",
"GPU": "SiS 771/671",
"Networking_cards": "SiS 191, Qualcomm Atheros AR242x/AR542x",
"Sound_cards": "SiS Azalia Audio Controller",
"Graphics_status": "Graphics work, by default or out of the box",
"Sound_status": "Sound works, by default or out of the box",
"Networking_cards": "Both Ethernet and WiFi cards work",
"Restart_status": "Haiku restarts smoothly",
"Input_devices": "Trackpad and keyboard both work",
"Power_status": "Haiku detects the battery and shows charge time correctly",
"Cam_status": "My computer does not have a webcam, etc.",
"Contribution_date": "11/21/2020 5:55:24",
"Contributor": "ralf"
},
    
{
"Model": "hp pavilion g6",
"Rating": "3/4 - Haiku works with most of the components",
"Version": "Haiku R1/Beta2 (latest stable release)",
"Architecture": "64-bit x86 (Intel x64/AMD64, etc.)",
"Share_on_GitHub": "Yes",
"Startup_media": "USB storage media (using Legacy/USB 2), USB (external) optical drive (CD/DVD media)",
"Startup_mode": "Legacy BIOS/CSM",
"RAM": "3 GB",
"CPU": "AMD",
"Graphics_status": "Graphics work, by default or out of the box",
"Sound_status": "Sound does not work",
"Networking_status": "Ethernet card(s) are working",
"SD_status": "My computer does not have a SD drive",
"Restart_status": "Haiku restarts smoothly",
"Input_devices": "Trackpad and keyboard both work",
"Power_status": "Haiku does NOT detect the battery",
"Cam_status": "My computer does not have a webcam, etc.",
"Contribution_date": "10/27/2020 14:59:47",
"Contributor": "anonymous"
},

{
"Model": "HP 2000-2c29WM",
"Rating": "4/4 - Haiku works with all (or nearly all) components",
"Version": "Haiku R1/Beta2 (latest stable release)",
"Architecture": "64-bit x86 (Intel x64/AMD64, etc.)",
"Share_on_GitHub": "Yes",
"Startup_media": "Standard SSD, hybrid SSHD, or hard drive (imaged or installed)",
"Startup_mode": "Legacy BIOS/CSM",
"RAM": "4 GB",
"CPU": "AMD (E2-1800, 1MB L2 cache, 1.7GHz x2, 2 threads",
"GPU": "AMD Radeon HD 7340 Wrestler",
"Networking_cards": "Qualcomm Atheros AR9485 (atheroswifi), Realtek RTL810xE PCI Express Fast Ethernet controller (rtl81xx/0)",
"Sound_cards": "AMD FCH Azalia Controller, Wrestler HDMI audio",
"Graphics_status": "Graphics work, by default or out of the box",
"Sound_status": "Sound_works, by default or out of the box",
"Networking_status": "Both Ethernet and WiFi cards work",
"Restart_status": "Haiku restarts smoothly",
"Input_status": "Trackpad and keyboard both work",
"Power_status": "Haiku detects the battery and shows charge time correctly",
"Additional_notes": "Haiku can freeze on shutdown; always restart the computer (then press the power button before the boot menu) to shut down.",
"Contribution_date": "7/22/2020 17:36:05",
"Contributor": "anonymous"
},

{
"Model" : "HP Pavillion dv6000 series (dv6345us)",
"Rating" : "3/4 - Haiku works with most of the components",
"Version" : "Haiku R1/Beta2 (latest stable release)",
"Architecture" : "64-bit x86 (Intel x64/AMD64, etc.)",
"Share on GitHub" : "Yes",
"Startup media" : "Standard SSD, hybrid SSHD, or hard drive (imaged or installed), Built-in optical drive (CD/DVD media)",
"Startup_mode" : "Legacy BIOS/CSM",
"RAM" : "2 GB",
"CPU" : "Intel Core2 Duo T5300, 2M cache, 1.73 GHz x2, 2 threads",
"GPU" : "Mobile 945GM Express Integrated Graphics",
"Networking_cards" : "Intel PRO/100 VE Fast Ethernet, Intel PRO/Wireless 3945ABG 802.11 a/b/g WiFi Adapter",
"Sound_cards" : "Intel ICH7 Family High Definition Audio Controller",
"Graphics_status" : "Graphics work by default or out of the box",
"Sound_status" : "Sound works by default or out of the box",
"Networking_status" : "Both Ethernet and WiFi cards work",
"SD_status" : "SD drive does NOT work with Haiku",
"Restart_status" : "Haiku restarts smoothly",
"Input_status" : "Trackpad and keyboard both work",
"Power_status" : "Haiku detects the battery, but does not report charge time correctly",
"Cam_status" : "Cameras do not work with Haiku on this computer",
"Additional_notes" : "Could not boot to a  written Haiku setup from an USB flash drive (BIOS doesn't recognize it as bootable), but booting from CD works. The notebook doesn't have a battery plugged in (and I don't have it), but recognizes it as having a bad battery. Wifi is unstable, but useable with some patience.",
"Contribution_date" : "6/17/2020 22:57:30",
"Contributor" : "alexanrsousa"
},
    
{
"Model": "Lenovo T60",
"Rating": "4/4 - Haiku works with all (or nearly all) components",
"Version": "Haiku Nightly (hrev54586)",
"Architecture": "32-bit x86 (i686, etc.)",
"Share_on_GitHub": "Yes",
"Startup_media": "USB storage media (using Legacy/USB 2)",
"Startup_mode": "(U)EFI, by choice (32-bit)",
"RAM": "3070 MB",
"CPU": "Intel Core 2 Duo T5600 (2x 1,83 GHz)",
"GPU": "ATI Mobility Radeon X1300",
"Networking_cards": "Intel PRO/Wireless 3945 ABG",
"Sound_cards": "AD1981HD",
"Graphics_status": "Graphics work, by default or out of the box",
"Sound_status": "Sound works, by default or out of the box",
"Networking_status": "Both Ethernet and WiFi cards work",
"SD_status": "My computer does not have a SD drive",
"Restart_status": "Haiku restarts smoothly",
"Input_status": "Trackpad and keyboard both work",
"Power_status": "Haiku detects the battery and shows charge time correctly",
"Cam_status": "My computer does not have a webcam, etc.",
"Contribution_date": "9/20/2020 13:48:22",
"Contributor": "anonymous"
},

{
"Model" : "[Lenovo] Thinkpad X301",
"Rating" : "4/4 - Haiku works with all (or nearly all) components",
"Version" : "Haiku R1/Beta2 (latest stable release)",
"Architecture" : "64-bit x86 (Intel x64/AMD64, etc.)",
"Share on GitHub" : "Yes",
"Startup media" : "Standard SSD, hybrid SSHD, or hard drive (imaged or installed)",
"Startup_mode" : "Legacy BIOS/CSM",
"RAM" : "2 GB",
"CPU" : "Intel [Core 2 Duo SU9400]",
"Graphics_status" : "Graphics work, by default or out of the box",
"Sound_status" : "Sound works, by default or out of the box",
"Networking_status" : "Both Ethernet and WiFi cards work",
"SD_status" : "My computer does not have a SD drive",
"Restart_status" : "Haiku restarts smoothly",
"Input_status" : "Trackpad and keyboard both work",
"Power_status" : "Haiku detects the battery and shows charge time correctly",
"Cam_status" : "Cameras do not work with Haiku on this computer",
"Additional_notes" : "Works well overall",
"Contributor" : "ubu",
"Contribution_date" : "6/11/2020 16:43:08"
},
    
{
"Model": "(Lenovo) Thinkpad x220",
"Rating": "4/4 - Haiku works with all (or nearly all) components",
"Version": "Haiku R1/Beta2 (latest stable release)",
"Architecture": "64-bit x86 (Intel x64/AMD64, etc.)",
"Share on GitHub": "Yes",
"Startup_media": "USB storage media (using USB 3.0), Standard SSD, hybrid SSHD, or hard drive (imaged or installed)",
"Startup_mode": "(U)EFI, but because my computer only supports EFI (64-bit), Legacy BIOS/CSM",
"Graphics_status": "Graphics work, by default or out of the box",
"Sound_status": "Sound works, but by using OpenSound, etc.",
"Networking_status": "WiFi card(s) are working",
"Restart_status": "Haiku restarts smoothly",
"Input_devices": "Trackpad and keyboard both work",
"Power_status": "Haiku detects the battery and shows charge time correctly",
"Additional_notes": "https://www.youtube.com/watch?v=Cfbn4hgczQU"
"Contribution_date": "7/29/2020 7:55:52",
"Contributor": "Linux Lounge"
"Review_notes": "Mentioned UEFI only, but BIOS also mentioned; will assume this means the system supports both."
},

{
"Model": "(Lenovo) Thinkpad T61",
"Rating": "4/4 - Haiku works with all (or nearly all) components",
"Version": "Haiku R1/Beta2 (latest stable release)",
"Architecture": "64-bit x86 (Intel x64/AMD64, etc.)",
"Share_on_GitHub": "Yes",
"Startup_media": "USB storage media (using Legacy/USB 2), Standard SSD, hybrid SSHD, or hard drive (imaged or installed)",
"Startup_mode": "Legacy BIOS/CSM",
"RAM": "2GB",
"CPU": "(Intel)",
"Graphics_status": "Graphics work, by default or out of the box",
"Sound_status": "Sound works, by default or out of the box",
"Networking_status": "WiFi card(s) are working",
"SD_status": "My computer does not have a SD drive",
"Restart_status": "Haiku restarts smoothly",
"Input_status": "Trackpad and keyboard both work",
"Power_status": "Haiku detects the battery and shows charge time correctly",
"Cam_status": "My computer does not have a webcam, etc.",
"Additional_notes": "https://www.youtube.com/watch?v=36Kz5bK--b4",
"Contribution_date": "7/29/2020 8:05:18",
"Contributor": "Nomadic Dmitry"
},

{
"Model" : "Toshiba Satellite A135",
"Rating" : "4/4 - Haiku works with all (or nearly all) components",
"Version" : "Haiku R1/Beta2 (latest stable release)",
"Architecture" : "32-bit x86 (i686, etc.)",
"Share on GitHub" : "Yes",
"Startup media" : "USB storage media (using Legacy/USB 2)",
"Startup_mode" : "Legacy BIOS/CSM",
"RAM" : "2gb",
"CPU" : "Intel Dual Core, 1.73ghz",
"Graphics_status" : "Graphics work, but in Safe Graphics mode or Vesa",
"Sound_status" : "Sound works: by default or out of the box",
"Networking_status" : "Both Ethernet and WiFi cards work",
"Restart_status" : "Haiku restarts smoothly",
"Input_status" : "Trackpad and keyboard both work",
"Cam_status" : "My computer does not have a webcam, etc",
"Contribution_date" : "7/7/2020 17:47:59",
"Contributor" : "None [Anonymous contributor]"
},
    
{
"Model": "Toshiba Satellite C660-16D",
"Rating": "3/4 - Haiku works with most of the components",
"Version": "Haiku Nightly (hrev54487)",
"Architecture": "64-bit x86 (Intel x64/AMD64, etc.)",
"Share_on_GitHub": "Yes",
"Startup_media": "USB storage media (using Legacy/USB 2)",
"Startup_mode": "Legacy BIOS/CSM",
"RAM": "3 GiB",
"CPU": "Intel Core 2 Celeron® Dual Core Processor T3500 2.10 GHz",
"GPU": "Mobile Intel® Graphics Media Accelerator 4500M(GM45)",
"Networking_cards": "Broadcom Inc. BCM4313 802.11bgn",
"Sound_cards": "Intel Corporation 82801I (ICH9 Family) HD Audio Controller",
"Graphics_status": "Graphics work, by default or out of the box",
"Sound_status": "Sound works, by default or out of the box",
"Networking_status": "Networking does not work on this computer",
"SD_status": "SD drive is working with Haiku",
"Restart_status": "Haiku restarts smoothly",
"Input_status": "Trackpad and keyboard both work",
"Power_status": "Haiku detects the battery, but does not report charge time correctly",
"Cam_status": "Cameras do not work with Haiku on this computer",
"Additional_notes_pt1": "Wi-Fi and bluetooth doesn't work because of no built-in firmwares.",
"Additional_notes_pt2": "Trackpad sometimes get sluggish.",
"Contribution_date": "8/3/2020 5:22:11",
"Contributor": "Maxis"
},
    
{
"Model": "Toshiba Satellite M55-SP329",
"Rating": "4/4 - Haiku works with all (or nearly all) components",
"Version": "Haiku R1/Beta2 (54154)",
"Architecture": "32-bit x86 (i686, etc.)",
"Share_on_GitHub": "Yes",
"Startup_media": "Standard SSD, hybrid SSHD, or hard drive (imaged or installed), Built-in optical drive (CD/DVD media)",
"RAM": "1 GB",
"CPU": "Intel Pentium M (centrino) 1.7GHz",
"GPU": "Intel 915GM",
"Networking_cards": "Intel PRO/Wireless 2200BG, Marvell Yukon Ethernet",
"Sound_cards": "Realtek ALC250",
"Graphics_status": "Graphics work, by default or out of the box",
"Sound_status": "Sound works, by default or out of the box",
"Networking_status": "Both Ethernet and WiFi cards work",
"SD_status": "My computer does not have a SD drive",
"Restart_status": "Haiku restarts smoothly",
"Input_status": "Trackpad and keyboard both work",
"Cam_status": "My computer does not have a webcam, etc.",
"Additional_notes": "Shut down doesn't power off laptop",
"Contribution_date": "8/9/2020 22:36:58",
"Contributor": "ESP"
},

{
"Model" : "Toshiba Satellite-S4527",
"Rating" : "3/4 - Haiku works with most of the components",
"Version" : "Haiku R1/Beta2 (latest stable release)",
"Architecture" : "32-bit x86 (i686, etc.)",
"Share on GitHub" : "Yes",
"Startup media" : "USB storage media (using Legacy/USB 2)",
"Startup_mode" : "Legacy BIOS/CSM",
"RAM" : "2gb",
"CPU" : "Intel [Pentium T2080]",
"Contributor" : "none [anonymous contributor]",
"Contribution_date" : "6/13/2020 18:28:57"
}

  ]
}
