{
  "ThinClients": [
    
{
"Model": "AcePC AK3 Mini-PC N3350/4GB",
"Rating": "3/4 - Haiku works with most of the components",
"Version": "Haiku R1/Beta2 (latest stable release)",
"Architecture": "64-bit x86 (Intel x64/AMD64, etc.)",
"Share_on_GitHub": "Yes",
"Startup_media": "USB storage media (using Legacy/USB 2), Standard SSD, hybrid SSHD, or hard drive (imaged or installed)",
"Startup_mode": "(U)EFI, by choice (64-bit)",
"RAM": "4GB",
"CPU": "Intel N3350",
"Networking_cards": "Intel Wireless 7265",
"Graphics_status": "Graphics work, by default or out of the box",
"Sound_status": "Sound does not work",
"Networking_status": "WiFi card(s) are working",
"SD_status": "SD drive does NOT work with Haiku",
"Restart_status": "Haiku restarts smoothly",
"Contribution_date": "11/4/2020 5:05:30",
"Contributor": "Marabu"
},

    ]
}
