{
  "TraditionalDesktopsWorkstations": [

{
"Model" : "ASUS D520MT_D520SF_D320MT",
"Rating" : "3/4 - Haiku works with most of the components",
"Version" : "Haiku R1/Beta2 (latest stable release)",
"Architecture" : "64-bit x86 (Intel x64/AMD64, etc.)",
"Share_on_GitHub" : "Yes",
"Startup_media" : "USB storage media (using Legacy/USB 2)",
"Startup_mode" : "(U)EFI, by choice (64-bit)",
"RAM" : "4GB",
"CPU" : "Intel Pentium G4400",
"GPU" : "Intel HD Graphics 510",
"Networking_cards" : "Intel",
"Graphics_status" : "Graphics work by default or out of the box",
"Sound_status" : "Sound does not work",
"Networking_status" : "Ethernet card(s) work",
"Contribution_date" : "6/18/2020 20:40:01",
"Contributor" : "mazbrili"
},
    
{
"Model": "Dell Dimension 1100",
"Mainboard": "Dell - SYS BD Dimension 1100 B110 S47 - 0WF887",
"Rating": "3/4 - Haiku works with most of the components",
"Version": "Haiku R1/Beta2 (latest stable release)",
"Architecture": "32-bit x86 (i686, etc.)",
"Share_on_GitHub": "Yes",
"Startup_media": "USB storage media (using Legacy/USB 2)",
"Startup_mode": "(U)EFI, by choice (32-bit)",
"RAM": "2 GB",
"CPU": "Intel Pentium 4, Socket 478, 3.40 GHz, 1 core, 2 threads",
"GPU": "Nvidia Geforce FX 5500 PCI",
"Graphics_status": "Graphics work, by default or out of the box",
"Networking_status": "Ethernet card(s) are working",
"Restart_status": "Haiku restarts smoothly",
"Additional_notes_pt1": "One of the two Ethernet Cards worked.",
"Additional_notes_pt2": "ST1000BT32 ethernet card does not work without the drivers and can't install drivers (because there is none of the installers from the CD could work on Haiku.",
"Additional_notes_pt3": "Has Windows98 to Windows 7 installers), but the other Ethernet Card worked.",
"Contribution_date": "10/15/2020 0:58:18",
"Contributor": "none (Anonymous contributor)"
},
    
{
"Model": "Lenovo ThinkCentre M710q Tiny",
"Rating": "4/4 - Haiku works with all (or nearly all) components",
"Version": "Haiku Nightly (hrev54641)",
"Architecture": "64-bit x86 (Intel x64/AMD64, etc.)",
"Share_on_GitHub": "Yes",
"Startup_media": "USB storage media (using USB 3.0), NVMe/PCI Express drive or a M.2 drive (imaged or installed)",
"Startup_mode": "(U)EFI, by choice (64-bit), Legacy BIOS/CSM",
"RAM": "8GB",
"CPU": "Intel i5-7500T",
"GPU": "Intel HD Graphics 630",
"Networking_cards": "I219-V (ipro1000)",
"Sound_cards": "200 series PCH HD Audio",
"Graphics_status": "Graphics work, but in framebuffer mode (similar to above option)",
"Sound_status": "Sound works, by default or out of the box",
"Networking_status": "Ethernet card(s) are working",
"SD_status": "My computer does not have a SD drive",
"Restart_status": "Haiku restarts smoothly",
"Additional_notes": "Mine have no wlan installed, but a expansion slot is available.",
"Contribution_date": "10/14/2020 4:17:27",
"Contributor": "extrowerk"
},

{
"Model" : "LENOVO (11BMS03Y00)",
"Version" : "Haiku R1/Beta2 (latest stable release)",
"Architecture" : "64-bit x86 (Intel x64/AMD64, etc.)",
"Rating" : "4/4 - Haiku works with all (or nearly all) components",
"Share_on_GitHub" : "Yes",
"Startup_media" : "USB storage media (using Legacy/USB 2)",
"Startup_mode" : "(U)EFI, but because my computer only supports EFI (64-bit)",
"RAM" : "8 GB",
"CPU" : "Intel Pentium Gold G5420",
"GPU" : "Intel UHD Graphics 610",
"Networking_cards" : "Realtek PCIE GBE",
"Sound_cards" : "Realtek",
"Graphics_status" : "Graphics work by default or out of the box",
"Sound_status" : "Sound works by default or out of the box",
"Networking_status" : "Ethernet card(s) work",
"SD_status" : "My computer does not have a SD drive",
"Restart_status" : "Haiku restarts smoothly",
"Contribution_date" : "6/18/2020 2:02:19",
"Contributor" : "mazbrili"
}

  ]
}
